Model,Accuracy,Precision,Recall,F1_Score,FAR,DR
LightGBM,0.9986,0.9963336388634281,0.9972477064220183,0.9967904630903255,0.0010230179028132991,0.9972477064220183
XGBoost,0.9985,0.9958772331653688,0.9972477064220183,0.9965619986247994,0.0011508951406649615,0.9972477064220183
Ensemble,0.9986,0.9963336388634281,0.9972477064220183,0.9967904630903255,0.0010230179028132991,0.9972477064220183
