{
    "model": "LightGBM",
    "precision": 0.9958753437213566,
    "recall": 0.9967889908256881,
    "f1": 0.9963319578175149,
    "far": 0.0011508951406649615,
    "dr": 0.9967889908256881
}