Model,Accuracy,Precision,Recall,F1_Score,FAR,DR
LightGBM,0.999,0.9967461144848662,0.9965315150327364,0.9966387529214192,0.0,0.0
XGBoost,0.9991,0.997358784312643,0.9967780633562078,0.9970680432159401,0.0,0.0
Ensemble,0.9991,0.997358784312643,0.9967780633562078,0.9970680432159401,0.0,0.0
