{
    "benchmark": {
        "f1": 0.3060896078597442,
        "recall": 0.1807,
        "far": 0
    },
    "zeroday": {
        "f1": 0.12068076328004126,
        "recall": 0.06421514818880351,
        "far": 0
    },
    "canary": {},
    "timestamp": "20260110_161754"
}