Model,Accuracy,Precision,Recall,F1_Score,FAR,DR
LightGBM,0.9623,0.9988931931377975,0.8279816513761468,0.9054426887383998,0.0002557544757033248,0.8279816513761468
XGBoost,0.9622,1.0,0.826605504587156,0.9050728277247614,0.0,0.826605504587156
Ensemble,0.9625,0.9994465965688988,0.828440366972477,0.9059443190368698,0.0001278772378516624,0.828440366972477
