feature,mean_abs_shap
resp_bytes,2.726301234959927
syn_count,1.7099561124543505
ack_count,0.7830722631376857
pkts_total,0.7235519291042308
bytes_total,0.3819333575204778
orig_bytes,0.33630121767311877
resp_pkts,0.22611990845389413
duration,0.030981678079900002
orig_pkts,0.009065084509845436
pkts_per_sec,0.002200164501524987
rst_count,0.0002548160984553464
iat_std,0.00014982567822793537
iat_mean,3.979556512087592e-05
bytes_per_sec,1.6433446089504244e-05
