Model,Accuracy,Precision,Recall,F1_Score,FAR,DR
LightGBM,0.9988,0.9972477064220183,0.9972477064220183,0.9972477064220183,0.0007672634271099745,0.9972477064220183
XGBoost,0.9985,0.9963319578175149,0.9967889908256881,0.9965604219215776,0.0010230179028132991,0.9967889908256881
Ensemble,0.9987,0.9967904630903255,0.9972477064220183,0.9970190323320339,0.0008951406649616369,0.9972477064220183
