feature,mean_abs_shap
resp_bytes,1.938664526366317
orig_pkts,1.4949184964092892
bytes_total,0.7126507690995922
pkts_total,0.633415116674625
syn_count,0.5706015926059395
orig_bytes,0.1684474959416993
rst_count,0.10215864845393126
pkts_per_sec,0.09976917293379464
resp_pkts,0.08619918764940065
ack_count,0.05340671569268343
bytes_per_sec,0.032189399957468855
duration,0.029329555393555785
iat_std,0.014232317187470011
iat_mean,0.005896956206658497
