{
    "n_estimators": 118,
    "learning_rate": 0.055590679082695,
    "num_leaves": 68,
    "max_depth": 5,
    "min_child_samples": 15,
    "subsample": 0.6453004690434929,
    "colsample_bytree": 0.7709037246172559,
    "random_state": 42,
    "n_jobs": -1
}