{
    "model": "LightGBM",
    "precision": 0.9958791208791209,
    "recall": 0.9977064220183486,
    "f1": 0.9967919340054996,
    "far": 0.0011508951406649615,
    "dr": 0.9977064220183486
}