{
    "LogisticRegression": {
        "Precision": 0.3712121212121212,
        "Recall": 0.7538461538461538,
        "F1": 0.49746192893401014,
        "AUC": 0.7701722158438576,
        "FAR": 0.24776119402985075
    },
    "RandomForest": {
        "Precision": 0.3283582089552239,
        "Recall": 0.676923076923077,
        "F1": 0.44221105527638194,
        "AUC": 0.7479678530424798,
        "FAR": 0.26865671641791045
    },
    "LinearSVC": {
        "Precision": 0.3712121212121212,
        "Recall": 0.7538461538461538,
        "F1": 0.49746192893401014,
        "AUC": 0.7703559127439725,
        "FAR": 0.24776119402985075
    },
    "XGBoost_Tuned": {
        "Precision": 0.3712121212121212,
        "Recall": 0.7538461538461538,
        "F1": 0.49746192893401014,
        "AUC": 0.7624569460390356,
        "FAR": 0.24776119402985075
    }
}