Model,Accuracy,Precision,Recall,F1_Score,FAR,DR
LightGBM,0.9624,0.9994462901439646,0.8279816513761468,0.9056698444555946,0.0001278772378516624,0.8279816513761468
XGBoost,0.9612,1.0,0.8220183486238533,0.9023162134944612,0.0,0.8220183486238533
Ensemble,0.9625,0.9994465965688988,0.828440366972477,0.9059443190368698,0.0001278772378516624,0.828440366972477
