feature,mean_abs_shap
resp_bytes,2.8130518163538207
syn_count,1.7498756963624427
pkts_total,0.6959222715431145
ack_count,0.6838647207514881
bytes_total,0.39765505981376686
orig_bytes,0.3342507660156779
resp_pkts,0.22534152233309868
duration,0.030592528450179516
orig_pkts,0.0052274348638695406
pkts_per_sec,0.0033090426904661663
rst_count,0.0020151470691087726
iat_std,0.0005204042978008501
iat_mean,4.2422652058302794e-05
bytes_per_sec,0.0
