feature,mean_abs_shap
resp_bytes,2.72005590273089
syn_count,1.7146502281422642
orig_bytes,0.9424589197066348
ack_count,0.7796835668521039
bytes_total,0.38800857616835577
resp_pkts,0.22983696099539302
pkts_total,0.11681036238356246
duration,0.031302149126307584
orig_pkts,0.007472871044223144
pkts_per_sec,0.003240077738894627
iat_std,0.0007790053005400103
rst_count,0.00026699015001649504
iat_mean,8.238230002461827e-05
bytes_per_sec,0.0
